МҮОХ|Монголын Үндэсний Олимпийн Хороо
БНАСАУ|Бүгд Найрамдах Ардчилсан Солонгос Ард Улс
ҮОХ|Үндэсний Олимпийн Хороо
УИХ|Улсын Их Хурал
БНСУ|Бүгд Найрамдах Солонгос Улс
ХЗДХ|Хууль Зүй Дотоод Хэрэг
НИТХ|Нийслэлийн Иргэдийн Төлөөлөгчдийн Хурал
АНУ|Америкийн Нэгдсэн Улс
МАХН|Монгол Ардын Хувьсгалт Нам
ЗЦА|Замын цагдаагийн алба
ААН|аж ахуйн нэгж
ОУВС|Олон Улсын Валютын Сан
БХАТИХ|Бүх Хятадын Ардын Төлөөлөгчдийн Их Хурал
МХҮХ|Монголын Хараагүйчүүдийн Үндэсний Холбоо
НҮБ|Нэгдсэн Үндэстний Байгууллага
МСНЭ|Монголын сэтгүүлчдийн нэгдсэн эвлэл
УЗ|удирдах зөвлөл
МАН|Монгол Ардын Нам
ГИХГ|Гадаадын иргэн, харьяатын газар
ИТХ|Иргэдийн Төлөөлөгчдийн Хурал
ОУОХ|Олон Улсын Олимпийн Хороо
ҮШБ|Үндэсний шигшээ баг
БТСГ|Биеийн Тамир Спортын Газар
БСШУС|Боловсрол Соёл Шинжлэх Ухаан Спорт
ОХУ|Оросын Холбооны Улс
СХД|Сонгинохайрхан дүүрэг
ХУД|Хан-Уул дүүрэг
ХМЗ|Хэвлэл мэдээллийн зөвлөл,
АН|Ардчилсан Нам
НӨАТ|нэмэгдсэн өртгийн албан татвар
ТЭЗҮ|техник эдийн засгийн үндэслэл
ДНБ|Дотоодын Нийт Бүтээгдэхүүн
ОНХГ|Олон нийттэй харилцах газар
БНХАУ|Бүгд Найрамдах Хятад Ард Улс
БЗД|Баянзүрх дүүрэг
БГД|Баянгол дүүрэг
СБД|Сүхбаатар дүүрэг
ЧД|Чингэлтэй дүүрэг
АТГ|Авлигатай тэмцэх газар
ОНЗ|Олон нийтийн зөвлөл
ФАТФ|Олон улсын санхүүгийн гэмт хэрэгтэй тэмцэх байгууллага
ТББ|төрийн бус байгууллага
ЦУОШГ|Цаг уур, орчны шинжилгээний газар
МИАТ|Монголын Иргэний Агаарын Тээвэр
ЖДҮ|жижиг дунд үйлдвэр
БОАЖ|Байгаль Орчин Аялал Жуулчлал
БНМАУ|Бүгд Найрамдах Монгол Ард Улс
ЗГХЭГ|Засгийн Газрын Хэрэг Эрхлэх Газар
УБҮ|уулын баяжуулах үйлдвэр
СӨБ|сургуулийн өмнөх боловсрол
ХХОАТ|хувь хүний орлогын албан татвар
ОУХМ|Олон улсын хэмжээний мастер
МУИС|Монгол Улсын Их Сургууль
УБТЗ|Улаанбаатар төмөр зам
ТУЗ|Төлөөлөн Удирдах Зөвлөл
ХМХ|хэвлэл мэдээллийн хэрэгсэл
ДЭМБ|Дэлхийн эрүүл мэндийн байгууллага
ШУТБГ|Шинжлэх ухаан, технологийн бодлогын газар
ШУА|Шинжлэх ухааны академи
ШУТС|Шинжлэх ухаан технологийн сан
ӨМӨЗО|Өвөр Монголын Өөртөө Засах Орон
МЗЭ|Монголын Зохиолчдын Эвлэл
ХНХ|Хөдөлмөр нийгмийн хамгаалал
БОХХАА|Байгаль орчин, хүнс, хөдөө аж ахуй
НББСШУ|Нийгмийн бодлого, боловсрол, соёл, шинжлэх ухаан
ХСИС|Хууль сахиулахын их сургууль
ХБНГУ|Холбооны Бүгд Найрамдах Герман Улс
НҮНТ|Нийслэлийн Үйлчилгээний нэгдсэн төв
ЗДТГ|Засаг даргын Тамгын газар
ХСҮТ|Хавдар судлалын үндэсний төв
ДЭЗЧ|Дэлхийн Эдийн Засгийн Чуулга
ТАЗ|Төрийн албаны зөвлөл
ГХ|Гадаад Харилцаа
АШУҮИС|Анагаахын Шинжлэх Ухааны Үндэсний Их Сургууль
АЖ|Ардын жүжигчин
НЗДТГ|Нийслэлийн Засаг даргын Тамгын газар
ДЦС|Дулааны цахилгаан станц
ТӨХК|төрийн өмчит хувьцаат компани
ИБУИНВУ|Их Британи Умард Ирландын Нэгдсэн Вант Улс
БНТУ|Бүгд Найрамдах Турк улс
АХБ|Азийн Хөгжлийн Банк
ЭЗХХАС|Эдийн засгийн хөгжлийн хамтын ажиллагааны сан
ШӨХТГ|Шударга Өрсөлдөөн Хэрэглэгчийн Төлөө Газар
НЗД|Нийслэлийн Засаг дарга
НЭМҮТ|Нийгмийн эрүүл мэндийн үндэсний төв
ХАА|Хөдөө аж ахуй
МОӨХХ|Монголын оюуны өмчийг хамгаалах холбоо
МКДБХХ|Монгол кино, дэлгэцийн бүтээлийг хамгаалах холбоо
УГЗ|Урлагийн гавьяат зүтгэлтэн
ГҮТББ|гишүүддээ үйлчлэх төрийн бус байгууллага
МҮХАҮТ|Монголын Үндэсний Худалдаа Аж Үйлдвэрийн Танхим
БНКаУ|Бүгд Найрамдах Казахстан Улс
СЭМҮТ|Сэтгэцийн эрүүл мэндийн үндэсний төв
УУХҮ|Уул уурхай, хүнд үйлдвэр
ДЭЗЧУ|Дорнын эдийн засгийн чуулга уулзалт
ДЭЗЧУБ|Дэлхийн эдийн засгийн чуулга уулзалтын байгууллага
ЗТХ|Зам Тээвэр Хөгжил
ТНБД|Төрийн нарийн бичгийн дарга
ГХУСАЗС|Гэмт хэргээс урьдчилан сэргийлэх ажлыг зохицуулах салбар
ГХУСАЗСЗ|Гэмт хэргээс урьдчилан сэргийлэх ажлыг зохицуулах салбар зөвлөл
СӨХ|Сууц өмчлөгчдийн холбоо
ҮХ|үйлдвэрчний хороо
БХБ|Барилга, Хот Байгуулалт
БНЭУ|Бүгд Найрамдах Энэтхэг Улс
ЭМТ|Эрүүл мэндийн төв
ЭМ|эрүүл мэнд
ХАҮТ|худалдаа аж үйлдвэрийн танхим
БСШУ|Боловсрол Соёл Шинжлэх Ухаан
МХМЗ|Монголын Хэвлэл Мэдээллийн Зөвлөл
ББСБ|Банк бус санхүүгийн байгууллага
ТХСК|тамхины хяналтын суурь конвенци
НМХГ|Нийслэлийн мэргэжлийн хяналтын газар
ЭМБСХХ|Эрүүл мэнд, боловсрол, соёлын хяналтын хэлтэс
ЭИХХЦХХ|Экспорт, импорт, хилийн хорио цээрийн хяналтын хэлтэс
ҮЭХ|Үйлдвэрчний Эвлэлийн Хороо
ЗХУ|Зөвлөлт Холбоот Улс
ШТС|шатахуун түгээх станц
МИС|Механик инженерчлэлийн сургууль
ЭСХЗ|Энэтхэгийн Соёлын Харилцааны Зөвлөл
ШУТИС|Шинжлэх Ухаан Технологийн Их Сургууль
МУБИС|Монгол Улсын Боловсролын Их Сургууль
МҮОНТВ|Монголын Үндэсний Олон Нийтийн Телевиз
ШХА|Швейцарийн хөгжлийн агентлаг
НҮБХХ|Нэгдсэн Үндэстний Байгууллагын Хөгжлийн хөтөлбөр
ОУСС|Олон Улсын Сансрын Станц
ЭТТ|Эрдэнэс-Таван Толгой
НЦГ|Нийслэлийн цагдаагийн газар
ЭХХШТХ|Эрүүгийн хэрэг хянан шийдвэрлэх тухай хууль
ЭХ|Эрүүгийн хууль
ҮАБЗ|Үндэсний аюулгүй байдлын зөвлөл
ТӨҮГ|Төрийн өмчит үйлдвэрийн газар
РМ|тоосонцор
МҮЭХ|Монголын Үйлдвэрчний Эвлэлийн Холбоо
ҮЭ|Үйлдвэрчний эвлэл
БНЧУ|Бүгд Найрамдах Чех Улс
МХЗЭ|Монголын хувьсгалт залуучуудын эвлэл
ХНН|хувь нийлүүлсэн нийгэмлэг
МТЗ|Монголын төмөр зам
НЗТ|Нээлттэй засгийн түншлэл
ХОМ|хөрөнгө орлогын мэдүүлэг
УҮГ|улсын үйлдвэрийн газар
ИНХ|Иргэдийн нийтийн хурал
ХМОНХХ|Хэвлэл мэдээлэл, олон нийттэй харилцах хэлтэс
ЗГХА|Засгийн газрын хэрэгжүүлэгч агентлаг
МУГД|Монгол Улсын Гавьяат Дасгалжуулагч
БТ|Биеийн тамир
ХААИС|Хөдөө Аж Ахуйн Их Сургууль
АЭС|Агроэкологийн сургууль
УЦС|усан цахилгаан станц
ООГХ|Одон Орон, Геофизикийн Хүрээлэн
МХЭАХН|Монголын хэрэглэгчдийн эрх ашгийг хамгаалах нийгэмлэгүүд
ДМАЭМБ|Дэлхийн мал амьтны эрүүл мэндийн байгууллага
ҮБХИС|Үндэсний Батлан Хамгаалахын Их Сургууль
МУ|Монгол Улс
АТҮТ|Автотээврийн үндэсний төв
АТБЗГ|Авто тээврийн бодлогын хэрэгжилтийг зохицуулах газар
ААНБ|Аж ахуй нэгж байгууллага
ОУ|олон улс
ДАШТ|Дэлхийн аварга шалгаруулах тэмцээн
ЗТЭ|Зээлжих тусгай эрх
МоАХ|Монголын Ардчилсан Холбоо
ЖШУХ|Жижүүрийн шуурхай удирдлагын хэлтэс
УНТЭ|Улсын нэгдүгээр төв эмнэлэ
УГТЭ|Улсын Гуравдугаар төв эмнэлэг
ГССҮТ|Гэмтэл согог судлалын үндэсний төв
ЗӨСҮТ|Зоонозын өвчин судлалын үндэсний төв
ЭСҮТ|Эмгэг судлалын үндэсний төв
ТДГД|тусгай дуут болон гэрлэн дохио
ЗХАБТХ|Замын хөдөлгөөний аюулгүй байдлын тухай хууль
ДОХ|дархлалын олдмол хомсдол
МУЗН|Монголын улаан загалмайн нийгэмлэг
УАБЗ|Үндэсний аюулгүй байдлын зөвлөл
НОСК|Нийслэлийн орон сууцны корпораци
ОНӨААТҮГ|Орон нутгийн өмчит аж ахуйн тооцоот үйлдвэрийн газар
ХМК|Ханын материалын комбинат
ДХБ|Дэлхийн худалдааны байгууллага
ГАТТ|Тариф худалдааны ерөнхий хэлэлцээр
ДГХО|Далайд гарцгүй хөгжиж буй орнууд
УАШТ|Улсын аварга шалгаруулах тэмцээн
ОУБ|олон улсын байгууллага
ТЗУГ|Төрийн захиргааны удирдлагын газар
ТОСК|Төрийн орон сууцны корпораци
ҮСХ|Үндэсний статистикийн хороо
ЗГ|Засгийн Газар
ЮНИДО|Нэгдсэн Үндэстний байгууллагын үйлдвэр хөгжлийн байгууллага
БНУУ|Бүгд Найрамдах Унгар Улс
ШХАБ|Шанхайн хамтын ажиллагааны байгууллага
ЗГХК|Засгийн газар хоорондын комисс
УИД|Улсын их дэлгүүр
ЗЦГ|Замын цагдаагийн газар
ОНӨҮГ|орон нутгийн өмчит үйлдвэрийн газар
ӨЭМТ|өрхийн эрүүл мэндийн төв
ОУСДӨ|Олон улсын сайн дурынхны өдөр
ГБХЗХГ|Гэр Бүл Хүүхэд Залуучуудын хөгжлийн газар
СТО|Спортын төв ордон
СЗХ|Санхүүгийн зохицуулах хороо
МХБ|Монголын Хөрөнгийн Бирж
ЗЗ|зах зээл
УКТЭ|Улсын клиникийн төв эмнэлэг
БГ|Баянгол
ХКН|Хятадын Комунист Нам
ГХГ|Гадаад харилцааны газар
ХХААХҮ|Хүнс, Хөдөө Аж Ахуй, Хөнгөн Үйлдвэр
МАОЭНХ|Монголын Ажил Олгогч Эздийн Нэгдсэн Холбоо
БНСВУ|Бүгд Найрамдах Социалист Вьетнам Улс
ХДХВ|хүний дархлал хомсдлын вирус
СТӨ|Соёлын төв өргөө
МСҮТ|Мэргэжлийн сургалт үйлдвэрлэлийн төв
МУҮХ|Монголын Уулчдын Үндэсний Холбоо
ЭША|эрдэм шинжилгээний ажилтан
НЭМГ|Нийслэлийн эрүүл мэндийн газар
ЭМД|эрүүл мэндийн даатгал
БНУ|Бүгд Найрамдах Улс
ХЗХ|Хадгаламж Зээлийн Хоршоо
ХҮБХЗГ|Хөнгөн үйлдвэрийн бодлогын хэрэгжилтийг зохицуулах газар
ОУУБИС|Олон Улсын Улаанбаатарын Их Сургууль
ОНХХ|орон нутгийн хөгжлийн хөтөлбөр
СТА|Соёлын тэргүүний ажилтан
ЗХУТ|Замын хөдөлгөөний удирдлагын төв
ХХН|хязгаарлагдмал хариуцлагатай нөхөрлөл
МҮОНРТ|Монголын Үндэсний Олон Нийтийн Радио Телевиз
МЗХ|Монголын Залуучуудын Холбоо
МУСТА|Монгол Улсын Соёлын Тэргүүний Ажилтан
УДБЭТ|Улсын дуурь бүжгийн эрдмийн театр
УМХГ|Улсын мэргэжлийн хяналтын газар
ГШУГ|Гамшгийн шуурхай удирдлагын газар
УДЭТ|Улсын Драмын Эрдмийн Театр
УГЖ|Улсын гавьяат жүжигчин
ОУНБ|олон улсын нисэх буудал
НОБГ|Нийслэлийн Онцгой Байдлын Газар
ХЭҮК|Хүний эрхийн Үндэсний Комисс
ТЭДС|Тариалан эрхлэлтийг дэмжих сан
МҮОНРТВ|Монголын Үндэсний Олон Нийтийн Радио Телевиз
АБТЭМА|Ачиж, буулгах тээвэр экспедицийн механикжсан анги
УСУГ|Ус сувгийн удирдах газар
ХАСУМ|Хувийн ашиг сонирхлын урьдчилсан мэдүүлэг
ОНӨТҮГ|орон нутгийн өмчит төсөвт үйлдвэрийн газар
ТҮК|тохижилт үйлчилгээний компани
ХХБ|Худалдаа хөгжлийн банк
МҮЭ|Монголын Үйлдвэрчний Эвлэл
ТӨААТҮГ|Төрийн өмчит аж ахуйн тооцоотой үйлдвэрийн газар
ХЗБХ|Хууль зүйн байнгын хороо
УАБХГ|Улсын аюулгүй байдлыг хангах газар
УБЗАА|Улаанбаатар хотын захирагчийн ажлын алба
ННФ|Нээлттэй Нийгэм Форум
ТЗ|төмөр зам
ОСНААУГ|Оорн сууц нийтийн аж ахуйг удирдах газар
УБ|Улаанбаатар
ЗГХЭГ|Засгийн Газрын Хэрэг Эрхлэх Газар
БНАГУ|Бүгд Найрамдах Ардчилсан Герман Улс
ҮХАА|Үйлдвэр, хөдөө аж ахуй
НГТУ|Новосибирскийн улсын Техникийн их сургууль
АНЭ|Аймгийн нэгдсэн эмнэлэг
ӨХХ|Өөрийгөө хамгаалах хүч
ЗХЖШ|Зэвсэгт хүчний жанжин штаб
МХХОУХ|Мэдээлэл харилцааны хөгжлийн олон улсын хөтөлбөр
ГУСГ|Гамшгаас урьдчилан сэргийлэх газар
АМГТГ|Ашигт малтмал газрын тосны газар
БОНХ|Байгаль Орчин Ногоон Хөгжил
НХХ|Хөдөлмөр Нийгмийн Хамгаалал
ХӨСҮТ|Халдварт өвчин судлалын үндэсний төв
ТТӨ|томуу төст өвчин
МҮБЗ|Монголын үндэсний брэндийн зөвлөл
НТӨ|Нийтийн тооллын өмнөх
ЗТБХБ|Зам Тээвэр Барилга Хот Байгуулалт
МҮОНТ|Монголын Үндэсний Олон Нийтийн Телевиз
НХТ|Нийслэлийн хот төлөвлөлт
ХНХХ|Хөдөлмөр Нийгмийн Хамгаалал
МДХ|Монголын Дизайнерүүдийн Холбоо
АЗЗА|Авто замын засвар, арчлалт
НГА|Нийслэлийн газрын алба
ЦССҮТ|Цус сэлбэлт судлалын үндэсний төв
МБШУҮЭХ|Монголын боловсрол, шинжлэх ухааны үйлдвэрчний эвлэлийн хороо
АХГГГАХМАТ|Ажиллах хүч гадаадад гаргах, гадаадаас ажиллах хүч, мэргэжилтэн авах тухай
ТХШТХ|Төрийн хяналт шалгалтын тухай хууль
ХИС|Хүмүүнлэгийн Ухааны Их Сургууль
ҮЗХ|Үндэсний зөвлөлдөх хороо
УАШ|улсын аварга шалгаруулах
НИТХТ|Нийслэлийн Иргэдийн Төлөөлөгчдийн Хурлын Тэргүүлэгчид
ОБХ|Онцгой байдлын хэлтэс
МХХ|Монголын Хөтлөгчдийн Холбоо
ХТИХ|Хариуцлага тооцох иргэдийн хөдөлгөөн
МНБИНХ|Монголын нам бус иргэдийн нэгдсэн холбоо
АНЭУ|Арабын Нэгдсэн Эмират Улс
ДБЭТ|Дуурь бүжгийн эрдмийн театрт
НЗТН|Нийслэлийн Зорчигч Тээврийн Нэгтгэл
МТХГТҮЭХ|Монголын Тээвэр, Холбоо, Газрын Тосны Үйлдвэрчний Эвлэлийн холбоо
ШУ|шинжлэх ухаан
ЦССТ|Цус сэлбэлт судлалын үндэсний төв
МҮОНР|Монголын Үндэсний Олон Нийтийн Радио
ЭМАҮЭХ|Эрүүл Мэндийн Ажилтны Үйлдвэрчний Эвлэлийн Хороо
ОУУДАХ|Олон Улсын Унадаг Дугуйн Аяллын Холбоо
НКВД|Дотоод Хэргийн Ардын Комиссариат
ЭХЭМҮТ|Эх хүүхдийн эрүүл мэндийн үндэсний төв
МБХ|Монголын Банкны Холбоо
БТС|Биеийн тамирын сургууль
МУГТ|Монгол Улсын Гавьяат Тамирчин
МУЗ|Монголын Урлагийн Зөвлөл
БОГУУХХ|Байгаль орчин, геологи, уул уурхайн хяналтын хэлтэс
БНБУ|Бүнд Найрамдах Буриад Улс
ЭОХ|эх оронч хүмүүжил
ХХААГ|Хүнс, хөдөө аж ахуйн газар
АУ|анагаах ухаан
АШТ|аварга шалгаруулах тэмцээн
МААБХЗГ|Мал аж ахуйн бодлогын хэрэгжилтийг зохицуулах газар
ГТБХЗГ|Газар тариалангийн бодлогын хэрэгжилтийг зохицуулах газар
ХШҮДАГ|Хяналт-шинжилгээ, үнэлгээ, дотоод аудитын газар
ОУПХ|Олон улсын парламентын холбоо
МЦХ|Монголын цахилгаан холбоо
ХХААБ|Хүнс, хөдөө аж ахуйн байгууллага
МАА|мал аж ахуй
БМИҮЗ|Боловсролын магадлан итгэмжлэлийн үндэсний зөвлөл
ЭЗҮДС|Эдийн засгийн үндэсний дээд сургууль
ХУИС|Хүмүүнлэгийн Ухааны Их Сургууль
ОУЭЗБДС|Олон Улсын Эдийн Засаг Бизнесийн Дээд Сургууль
УТХГ|улсын тусгай хамгаалалттай газар
ТХГН|тусгай хамгаалалттай газар нутаг
МЭТ|Монгол экологи төв
СОУЭМС|Солонгосын Олон Улсын Эрүүл Мэндийн Сан
ҮОЭТ|Үндэсний оношилгоо, эмчилгээний төв
ОНБМТ|Олон нийтийн боловсрол, мэдээллийн төв
ЭЗХАХБ|Эдийн засгийн хамтын ажиллагаа, хөгжлийн байгууллага
ОУХТ|олон улсын худалдааны төв
БТХ|Бичил төслийн хөтөлбөр
ЛГБТ|Лесби Гей Бисексуал Трансжендер
ААШТ|Азийн аварга шалгаруулах тэмцээн
МЭ|Манай эриний
ЭМБСХТ|Эрүүл мэнд, боловсрол, соёлын хяналтын хэлтэс
ХОЭАХЗ|Хөрөнгө Оруулагчдын Эрх Ашгийг Хамгаалах Зөвлөл
НҮТББ|нийгэмд үйлчилдэг төрийн бус байгууллага
ОУХНУС|Олон улсын харилцаа нийтийн удирдлагын сургууль
ОУХДС|Олон Улсын Харилцааны Дээд Сургууль
МСЭ|Монголын Сэтгүүлчдийн Эвлэл
БНПУ|Бүгд Найрамдах Польш Улс
АЧАХ|Анголыг Чөлөөлөх Ардын Хөдөлгөөн
ХМА|Хэвлэл мэдээллийн алба
НБГ|Нийслэлийн боловсролын газар
НХЭГ|Нийслэлийн хөдөлмөр эрхлэлтийн газар
АМНАТ|ашигт малтмалын нөөц ашигласны төлбөр
ӨЗО|Өөртөө Засах Орон
ХҮИС|Худалдаа Үйлдвэрлэлийн Их Сургууль
БЗХӨ|бэлгийн замын халдварт өвчин
ЗХ|зэвсэгт хүчин
ҮАҮЗ|Үндэсний аж үйлдвэрийн зөвлөл
БОАЖГ|Байгаль орчинн аялал жуулчлалын газар
МХГ|Мэргэжлийн хяналтын газар
АШУИС|Анагаахын Шинжлэх Ухааны Их Сургууль
УЗА|Утга зохиолын ажилтан
МШХХ|Монголын шагайн харвааны холбоо
МЧБХ|Монголын чөлөөт бөхийн холбоо
МЭӨ|Манай эриний өмнөх
НБОГ|Нийслэлийн байгаль орчны газар
ХөҮБХЗГ|Хөнгөн үйлдвэрийн бодлогын хэрэгжилтийг зохицуулах газар
ХХАА|хүнс, хөдөө аж ахуй
ХО|Хот орчим
ТӨХ|Төрийн өмчийн хороо
МҮЭСТ|Монголын үйлдвэрчний эвлэлийн соёлын төв
ЦТС|цахилгаан түгээх сүлжээ
МГТИС|Монгол-Германы хамтарсан ашигт малтмал, технологийн их сургууль
СХЗГ|Стандарт, хэмжил зүйн газар
МСС|Мянганы сорилын сан
МҮБХ|Монголын Үндэсний Бөхийн Холбоо
УБДС|Улаанбаатар дулааны сүлжээ
УБЦТС|Улаанбаатар цахилгаан түгээх станц
БХЗГ|Бодлогын хэрэгжилтийг зохицуулах газар
ЦДАШ|цахилгаан дамжуулах агаарын шугам
ЦДҮС|Цахилгаан дамжуулах үндэсний сүлжээ
ББЗХ|Байгалийн баялгийн засаглалын хүрээлэн
НГХДБГ|Нийслэлийн гэр хорооллын дэд бүтцийн газар
МИДСК|Монголын их, дээд сургуулиудын консорциум
АИХЭГ|Ардчилсан институтууд, хүний эрхийн газар
ТӨХХК|төрийн өмчит хязгаарлагдмал хариуцлагатай компани
ҮЦК|үнэт цаасны компани
МУГЖ|Монгол Улсын Гавьяат Жүжигчин
БНИУ|Бүгд Найрамдах Итали Улс
ЖДҮХБХЗГ|Жижиг, дунд үйлдвэр, хоршооны бодлогын хэрэгжилтийг зохицуулах газар
БОХУБ|байгаль орчны хяналтын улсын байцаагч
ДЦГ|дархан цаазат газар
МБШТ|Монголын бурхан шашны төв
СГЗ|Соёлын гавьяат зүтгэлтэн
УУ|уул уурхай
МБЗ|Монголын Бизнесийн Зөвлөл
УЦУОШГ|Ус цаг уур, орчны шинжилгээний газар
НИТАЖ|Нутгийн иргэдэд түшиглэсэн аялал жуулчлал
БЦГ|байгалийн цогцолборт газар
ШНУГТЭ|Шастины нэрэмжит улсын гуравдугаар төв эмнэлэг
УБХ|Улсын Бага Хурал
МҮАН|Монгол Үндэсний Ардчилсан Нам
ГУХ|Гал унтраах хэлтэс
МУУГЗ|Монгол Улсын Урлагийн Гавьяат Зүтгэлтэн
ЭНХ|Энэтхэгийн нисэх хүчин
МСК|Мянганы сорилтын корпораци
ТУС|Тохируулагатай Угсардаг Систем
ХХГХ|хүн худалдаалах гэмт хэрэг
МТХ|Монголын Телевизүүдийн Холбоо
ГТСМТТ|Гааль татвар санхүүгийн мэдээлэл технологийн төв
УТҮГ|улсын төсөвт үйлдвэрийн газар
ХСНХ|Хэрэглэгчийн систем нийлүүлэгчдийн холбоо
УДБЭЧ|Улсын дуу бүжгийн эрдмийн чуулга
ДОӨБ|Дэлхийн Оюуны Өмчийн Байгууллага
ҮХЦ|Үндсэн Хуулийн Цэц
НББСШУБХ|Нийгмийн бодлого, боловсрол, соёл, шинжлэх ухааны байнгын хороо
МҮИС|Монголын Үндэсний Их Сургууль
МАОЭХ|Монголын ажил олгогч эздийн холбоо
МҮХАҮ|Монголын үндэсний худалдаа аж үйлдвэр
НАМОХ|Нийгмийн Ардчилал Монголын Оюутны холбоо
АТАШТ|Ази тивийн аварга шалгаруулах тэмцээн
МТҮП|Мэдээлэл технологийн үндэсний парк
НАЗХГ|Нийслэлийн авто замын хөгжлийн газар
ХХЗХ|Харилцаа Холбооны Зохицуулах Хороо
ИЗОУИС|Их Засаг Олон Улсын Их Сургууль
АХХС|Азийн хотуудын хөгжлийн санаачилга
МХХТДИ|Мэдээлэл, харилцаа холбооны технологийг дэлгэрүүлэх институци
АТОЗ|Ард түмний онц түр зөвлөл
ЦДБЭЧ|Цэргийн дуу бүжгийн эрдмийн чуулга
ХЦДБЧ|Хилийн цэргийн дуу бүжгийн чуулга
ЗТН|Зорчигч тээврийн нэгтгэл
СЭЗДС|Санхүү Эдийн Засгийн Дээд Сургууль
ИЗББ|ипотекийн зээлээр баталгаажсан бонд
МУСГЗ|Монгол Улсын Соёлын Гавьяат Зүтгэлтэн
МХЭАХНҮХ|Монголын хэрэглэгчдийн эрх ашгийг хамгаалах нийгэмлэгүүдийн үндэсний холбоо
АИХЭА|Ардчилсан институт хүний эрхийн алба
ХСАХ|Хязгаарлагдмал сонгууль ажиглах хороо
ДБХХ|Дэд бүтцийн хяналтын хэлтэс
АХЦС|автомашиныг хийгээр цэнэглэх станц
МҮЭСТО|Монголын үйлдвэрчний эвлэлийн соёлын төв ордон
АМТГ|Ашигт малтмал газрын тосны газар
БНН|Бүгд Найрамдах Нам
УОК|Улсын онцгой комисс
НАЗГ|Нийслэлийн авто замын хөгжлийн газар
ИБТ|Иргэний боловсролын төв
БҮТ|Боловсролын үнэлгээний төв
МСБХ|Монголын сагсан бөмбөгийн холбоо
ҮБТДС|Үндэсний биеийн тамирын дээд сургууль
БТТА|Биеийн тамирын тэргүүний ажилтан
БХИС|Батлан Хамгаалахын Их Сургууль
МҮСБХ|Монголын үндэсний сагсан бөмбөгийн холбоо
БХД|Багахангай дүүрэг
БНД|Багануур дүүрэг
ШШГБ|Шүүхийн шийдвэр гүйцэтгэх байгууллага
ХӨТСА|Халдварт өвчний тандалт судалгааны алба
НСУГ|Нийслэлийн Соёл Урлагийн Газар
НАЖГ|Нийслэлийн Аялал Жуулчлалын Газар
ДБ|Дэлхийн Банк
ХЭХ|Хувьцаа эзэмшигчдийн хурал
ЭҮ|Эрдэнэт Үйлдвэр
ЭЦА|Эрүүгийн цагдаагийн алба
ҮБХ|Үндэсний бодлогын хороо
ШШҮХ|Шүүхийн шинжилгээний үндэсний хүрээлэн
МАЖХ|Монголын аялал жуулчлалын холбоо
ХБОБНУГ|Хүрээлэн буй орчин, байгалийн нөөцийн удирдлагын газар
БНӨСУ|Бүгд Найрамдах Өмнөд Судан Улс
СУИС|Соёл Урлагийн Их Сургууль
УЦУОСМХ|Ус цаг уур, орчны судалгаа, мэдээллийн хүрээлэн
ӨАБНУ|Өмнөд Африкийн Бүгд Найрамдах Улс
МОХ|Монголын оюутны холбоо
ИТХ|Иргэдийн Төлөөлөгчдийн Хурал
МБОИЗ|Монголын байгаль орчны иргэний зөвлөл
БУХС|Бизнесийн удирдлага, Хүмүүнлэгийн сургууль
ЭЦГ|Эрүүгийн цагдаагийн газар
ХМОНХА|Хэвлэл мэдээлэл олон нийттэй харилцах алба
ХЭЗ|Хүний эрхийн зөвлөл
СХНЭ|Сонгинохайрхан дүүргийн нэгдсэн эмнэлэг
ХУНЭ|Хан-Уул дүүргийн нэгдсэн эмнэлэг
БЗНЭ|Баянзүрх дүүргийн нэгдсэн эмнэлэг
СБНЭ|Сүхбаатар дүүргийн нэгдсэн эмнэлэг
НДШ|нийгмийн даатгалын шимтгэл
ГХО|гадаадын хөрөнгө оруулагч
МУАЖ|Монгол Улсын Ардын Жүжигчин
ХХАХҮ|Хүнс Хөдөө Аж Ахуй Хөнгөн Үйлдвэр
ТЕГ|Тагнуулын ерөнхий газар
БСШУСЯ|Боловсрол Соёл Шинжлэх Ухаан Спортын Яам
ЦЕГ|Цагдаагийн ерөнхий газар
ЕБС|Ерөнхий боловсролын сургууль
ШШГЕГ|Шүүхийн шийдвэр гүйцэтгэх ерөнхий газар
ЭСЯ|Элчин Сайдын Яам
МХЕГ|Мэргэжлийн хяналтын ерөнхий газар
ХНХЯ|Хөдөлмөр Нийгмийн Хамгааллын Яам
ХЗДХЯ|Хууль Зүй Дотоод Хэргийн Яам
ГХЯ|Гадаад Харилцааны Яам
АЖЯ|Аялал Жуулчлалын яам
БОАЖЯ|Байгаль Орчин Аялал Жуулчлалын Яам
УУХҮЯ|Уул Уурхай Хүнд Үйлдвэрийн Яам
БХБЯ|Барилга, Хот Байгуулалтын Яам
ЗТХЯ|Зам, Тээврийн Хөгжлийн Яам
ЭМЯ|Эрүүл Мэндийн Яам
БСШУЯ|Боловсрол Соёл Шинжлэх Ухааны Яам
ОӨУБЕГ|Оюуны өмч, улсын бүртгэлийн ерөнхий газар
НДЕГ|Нийгмийн даатгалын ерөнхий газар
ОБЕГ|Онцгой байдлын ерөнхий газар
БХЯ|Батлан Хамгаалах Яам
ЕАБХАБ|Европын аюулгүй байдал хамтын ажиллагааны байгууллага
ЕНБД|Ерөнхий нарийн бичгийн дарга
ХХААХҮЯ|Хүнс Хөдөө Аж Ахуй Хөнгөн Үйлдвэрийн Яам
ЭХЯ|Эрчим Хүчний Яам
УЕПГ|Улсын ерөнхий прокурорын газар
ИНЕГ|Иргэний нисэхийн ерөнхий газар
НАХЯ|Нийгмийг Аюулаас Хамгаалах Яам
УАХЕГ|Улсыг аюулаас хамгаалах ерөнхий газар
ХААЯ|Хөдөө Аж Ахуйн Яам
УБЕГ|Улсын бүртгэлийн ерөнхий газар
ГЕГ|Гаалийн Ерөнхий Газар
ЭЕШ|элсэлтийн ерөнхий шалгалт
ЕХБХ|Европын хөлбөмбөгийн холбоо
АЕГ|Архивын ерөнхий газар
ЕСБХБ|Европын сэргээн босголт хөгжлийн банк
ЕАШТ|Европын аварга шалгаруулах тэмцээн
НХХЯ|Нийгмийн Хамгаалал Хөдөлмөрийн Яам
НМХЕГ|Нийслэлийн мэргэжлийн хяналтын ерөнхий газар
БШУЯ|Боловсрол Шинжлэх Ухааны Яам
СЕХ|Сонгуулийн Ерөнхий Хороо
ЗТЯ|Зам Тээврийн Яам
ҮТЕГ|Үндэсний татварын ерөнхий газар
ХХЕГ|Хил хамгаалах ерөнхий газар
ШЕЗ|Шүүхийн ерөнхий зөвлөл
ЕАЭЗХ|Евразийн эдийн засгийн холбоо
ДХЯ|Дотоод Хэргийн Яам
ГЯЯ|Гадаад Явдлын Яам
УУХЯ|Уул Уурхай Хүнд Үйлдвэрийн Яам
ЕХ|Европын холбоо
УУЯ|Уул Уурхайн Яам
АТӨЯХ|Авто тээвэр, өөрөө явагч хэрэгсэл
ХК|хувьцаат компани
ХХК|хязгаарлагдмал хариуцлагатай компани 
НГХУСАЗЗ|Нийслэлийн гэмт хэргээс урьдчилан сэргийлэх ажлыг зохицуулах зөвлөл
ОТ|Оюу толгой
ЗГХМОНХХ|засгийн газрын хэвлэл мэдээлэл олон нийттэй харилцах хэлтэс